FILE_TYPE = CONNECTIVITY;
{Allegro Design Entry HDL 16.6-p007 (v16-6-112F) 10/10/2012}
"PAGE_NUMBER" = 1;
0"NC";
1"VCC\G";
2"VTT\G";
3"UN$1$74F164$I182$Q1";
4"UN$1$100EL05$I64$IN1";
5"BCKPCLOCK100H";
6"BCKPCLOCK100L";
7"UN$1$100EL05$I64$IN1$1";
8"BCKPCLOCK2L";
9"UN$1$LEDL$I207$A";
10"UN$1$LEDL$I205$A";
11"UN$1$LEDL$I204$A";
12"UN$1$10E116$I74$Y";
13"UN$1$10E101$I123$Y";
14"UN$1$10E101$I123$D";
15"VTT\G";
16"VIH\G";
17"MSTRESET_ECL\G";
18"VTT\G";
19"VTT\G";
20"UN$1$10E101$I79$Y";
21"UN$1$10E101$I123$Y$1";
22"UN$1$10E116$I87$Y";
23"VTT\G";
24"VIH\G";
25"BCKPCLOCK2H";
26"VTT\G";
27"UN$1$100EL05$I95$IN1";
28"UN$1$100EL05$I94$IN2$1";
29"UN$1$100EL05$I94$IN2";
30"UN$1$10E116$I87$A";
31"CLOCK100L";
32"CLOCK100H";
33"ECL_RESET";
34"ECL_RESET";
35"UN$1$10E116$I107$B";
36"UN$1$10E116$I107$A";
37"UN$1$100EL05$I95$IN1$1";
38"CLK100_OUTL\I";
39"CLK100_OUTH\I";
40"UN$1$10E116$I107$Y$1";
41"UN$1$10E116$I107$Y";
42"MISSEDCLOCK\I";
43"VTT\G";
44"VIH\G";
45"UN$1$10E101$I111$Y$1";
46"VIH\G";
47"MSTRESET_ECL\G";
48"MSTRESET_ECL\G";
49"UN$1$10E101$I111$Y";
50"BCKPCLOCK2L";
51"UN$1$10E116$I119$A";
52"UN$1$10E116$I119$B";
53"VTT\G";
54"VTT\G";
55"DATA\I";
56"VTT\G";
57"LE\I";
58"SR_CLK\I";
59"VTT\G";
60"TTL_RESET";
61"BCKPCLOCK100L";
62"UN$1$10E101$I79$D";
63"UN$1$10E016$I58$CLK";
64"UN$1$100EL05$I64$OUT$1";
65"COUNT_VAL<7..0>";
66"UN$1$10E016$I58$CE";
67"VCC\G";
68"UN$1$100EL05$I64$OUT";
69"UN$1$74F164$I182$Q7";
70"UN$1$74F164$I182$Q0";
71"UN$1$8MERGE$I183$C";
72"UN$1$74F164$I182$Q3";
73"UN$1$8MERGE$I183$D";
74"UN$1$74F164$I182$Q4";
75"UN$1$8MERGE$I183$E";
76"UN$1$74F164$I182$Q5";
77"UN$1$74F164$I182$Q6";
78"UN$1$8MERGE$I183$F";
79"UN$1$8MERGE$I183$H";
80"UN$1$8MERGE$I183$G";
81"DATA_RDY\I";
82"VCC\G";
83"UN$1$10E016$I58$PE";
84"VCC\G";
85"CLOCKGOOD";
86"UN$1$10E101$I123$B";
87"UN$1$74F164$I182$Q2";
88"UN$1$8MERGE$I183$B";
89"UN$1$8MERGE$I183$A";
90"VCC\G";
91"UN$1$10E131$I71$Q";
92"UN$1$CSMD0805$I148$B";
93"UN$1$10H125$I38$Y";
94"UN$1$100EL05$I95$OUT";
95"UN$1$100EL05$I94$OUT";
96"UN$1$LEDL$I206$A";
97"VCC\G";
98"UN$1$10E116$I78$B";
99"UN$1$10E016$I58$TC";
100"VCC\G";
101"BCKPCLOCK100H";
102"TTL_RESET";
103"UN$1$RSMD0805$I52$A";
104"CLOCKGOOD";
105"UN$1$F273$I50$CP";
106"UN$1$10H125$I38$A";
107"UN$1$10H125$I38$B";
108"BCKPCLOCK2H";
109"DEFAULT_CLK\I";
110"CLOCK100L";
111"CLOCK100H";
112"UN$1$10H116$I214$B";
113"UN$1$100EL05$I64$IN2";
114"UN$1$100EL05$I64$IN2$1";
115"UN$1$10H116$I215$B";
116"BCKP_CLK\I";
117"VTT\G";
118"GND\g";
119"GND\g";
120"GND\g";
121"GND\g";
122"GND\g";
123"GND\g";
124"GND\g";
125"GND\g";
126"GND\g";
127"UN$1$100EL34$I130$OUT8";
128"UN$1$100EL34$I130$OUT8$1";
129"UN$1$100EL34$I130$OUT4";
130"UN$1$100EL34$I130$OUT4$1";
131"UN$1$100EL34$I130$OUT2$1";
132"UN$1$100EL34$I130$OUT2";
%"RSMD0805"
"1","(3775,2500)","1","resistors","I100";
;
$LOCATION"R292"
CDS_LOCATION"R292"
$SEC"1"
CDS_SEC"1"
VALUE"50"
CDS_LIB"resistors"
CDS_LMAN_SYM_OUTLINE"-75,25,75,-25"
POWER"0.1"
MAX_TEMP"RTMAX"
TC2"RTMPO"
TC1"RTMPL"
SLOPE"RSMAX"
VOLTAGE"25V"
DIST"FLAT"
TOL_ON_OFF"ON"
IC"UNDEF"
NEGTOL"5%"
NEEDS_NO_SIZE"TRUE"
POSTOL"5%"
TOL"1%"
PACKTYPE"0805";
"A<0>"
$PN"1"18;
"B<0>"
$PN"2"37;
%"RSMD0805"
"1","(3700,2500)","1","resistors","I101";
;
$LOCATION"R291"
CDS_LOCATION"R291"
$SEC"1"
CDS_SEC"1"
VALUE"50"
PACKTYPE"0805"
TOL"1%"
POSTOL"5%"
NEEDS_NO_SIZE"TRUE"
NEGTOL"5%"
IC"UNDEF"
TOL_ON_OFF"ON"
DIST"FLAT"
VOLTAGE"25V"
SLOPE"RSMAX"
TC1"RTMPL"
TC2"RTMPO"
MAX_TEMP"RTMAX"
POWER"0.1"
CDS_LMAN_SYM_OUTLINE"-75,25,75,-25"
CDS_LIB"resistors";
"A<0>"
$PN"1"18;
"B<0>"
$PN"2"27;
%"RSMD0805"
"1","(2325,2500)","1","resistors","I103";
;
$LOCATION"R281"
CDS_LOCATION"R281"
$SEC"1"
CDS_SEC"1"
VALUE"50"
CDS_LIB"resistors"
CDS_LMAN_SYM_OUTLINE"-75,25,75,-25"
POWER"0.1"
MAX_TEMP"RTMAX"
TC2"RTMPO"
TC1"RTMPL"
SLOPE"RSMAX"
VOLTAGE"25V"
DIST"FLAT"
TOL_ON_OFF"ON"
IC"UNDEF"
NEGTOL"5%"
NEEDS_NO_SIZE"TRUE"
POSTOL"5%"
TOL"1%"
PACKTYPE"0805";
"A<0>"
$PN"1"26;
"B<0>"
$PN"2"101;
%"RSMD0805"
"1","(2400,2500)","1","resistors","I104";
;
$LOCATION"R282"
CDS_LOCATION"R282"
$SEC"1"
CDS_SEC"1"
VALUE"50"
CDS_LIB"resistors"
CDS_LMAN_SYM_OUTLINE"-75,25,75,-25"
POWER"0.1"
MAX_TEMP"RTMAX"
TC2"RTMPO"
TC1"RTMPL"
SLOPE"RSMAX"
VOLTAGE"25V"
DIST"FLAT"
TOL_ON_OFF"ON"
IC"UNDEF"
NEGTOL"5%"
NEEDS_NO_SIZE"TRUE"
POSTOL"5%"
TOL"1%"
PACKTYPE"0805";
"A<0>"
$PN"1"26;
"B<0>"
$PN"2"61;
%"RSMD0805"
"1","(2475,2500)","1","resistors","I105";
;
$LOCATION"R283"
CDS_LOCATION"R283"
$SEC"1"
CDS_SEC"1"
VALUE"50"
CDS_LIB"resistors"
CDS_LMAN_SYM_OUTLINE"-75,25,75,-25"
POWER"0.1"
MAX_TEMP"RTMAX"
TC2"RTMPO"
TC1"RTMPL"
SLOPE"RSMAX"
VOLTAGE"25V"
DIST"FLAT"
TOL_ON_OFF"ON"
IC"UNDEF"
NEGTOL"5%"
NEEDS_NO_SIZE"TRUE"
POSTOL"5%"
TOL"1%"
PACKTYPE"0805";
"A<0>"
$PN"1"26;
"B<0>"
$PN"2"29;
%"RSMD0805"
"1","(2550,2500)","1","resistors","I106";
;
$LOCATION"R285"
CDS_LOCATION"R285"
$SEC"1"
CDS_SEC"1"
VALUE"50"
PACKTYPE"0805"
TOL"1%"
POSTOL"5%"
NEEDS_NO_SIZE"TRUE"
NEGTOL"5%"
IC"UNDEF"
TOL_ON_OFF"ON"
DIST"FLAT"
VOLTAGE"25V"
SLOPE"RSMAX"
TC1"RTMPL"
TC2"RTMPO"
MAX_TEMP"RTMAX"
POWER"0.1"
CDS_LIB"resistors"
CDS_LMAN_SYM_OUTLINE"-75,25,75,-25";
"A<0>"
$PN"1"26;
"B<0>"
$PN"2"28;
%"10E116"
"1","(3250,1725)","5","ecl","I107";
SECTION"1";
$LOCATION"U113"
CDS_LOCATION"U113"
$SEC"3"
CDS_SEC"3"
CDS_LIB"ecl"
TITLE"10E116"
ABBREV"10E116";
"A <SIZE-1..0>"
$PN"27"36;
"B <SIZE-1..0>* \B"
$PN"28"35;
"REF"
$PN"2"0;
"Y <SIZE-1..0>"
$PN"14"41;
"Y <SIZE-1..0>* \B"
$PN"15"40;
%"RSMD0805"
"1","(3050,1275)","1","resistors","I108";
;
$LOCATION"R288"
CDS_LOCATION"R288"
$SEC"1"
CDS_SEC"1"
VALUE"50"
POWER"0.1"
MAX_TEMP"RTMAX"
TC2"RTMPO"
TC1"RTMPL"
SLOPE"RSMAX"
VOLTAGE"25V"
DIST"FLAT"
TOL_ON_OFF"ON"
IC"UNDEF"
NEGTOL"5%"
NEEDS_NO_SIZE"TRUE"
POSTOL"5%"
TOL"1%"
PACKTYPE"0805"
CDS_LMAN_SYM_OUTLINE"-75,25,75,-25"
CDS_LIB"resistors";
"A<0>"
$PN"1"15;
"B<0>"
$PN"2"35;
%"RSMD0805"
"1","(2950,1275)","1","resistors","I109";
;
$LOCATION"R287"
CDS_LOCATION"R287"
$SEC"1"
CDS_SEC"1"
VALUE"50"
POWER"0.1"
MAX_TEMP"RTMAX"
TC2"RTMPO"
TC1"RTMPL"
SLOPE"RSMAX"
VOLTAGE"25V"
DIST"FLAT"
TOL_ON_OFF"ON"
IC"UNDEF"
NEGTOL"5%"
NEEDS_NO_SIZE"TRUE"
POSTOL"5%"
TOL"1%"
PACKTYPE"0805"
CDS_LMAN_SYM_OUTLINE"-75,25,75,-25"
CDS_LIB"resistors";
"A<0>"
$PN"1"15;
"B<0>"
$PN"2"36;
%"10E116"
"1","(-2050,3750)","2","ecl","I110";
SECTION"1";
$LOCATION"U84"
CDS_LOCATION"U84"
$SEC"3"
CDS_SEC"3"
CDS_LIB"ecl"
ABBREV"10E116"
TITLE"10E116";
"A <SIZE-1..0>"
$PN"27"114;
"B <SIZE-1..0>* \B"
$PN"28"113;
"REF"
$PN"2"0;
"Y <SIZE-1..0>"
$PN"14"108;
"Y <SIZE-1..0>* \B"
$PN"15"8;
%"10E101"
"1","(3100,4400)","7","ecl","I111";
;
$LOCATION"U98"
CDS_LOCATION"U98"
$SEC"4"
CDS_SEC"4"
CDS_LIB"ecl"
ABBREV"10E101"
TITLE"10E101";
"A <SIZE-1..0>"
$PN"10"94;
"B <SIZE-1..0>"
$PN"9"0;
"C <SIZE-1..0>"
$PN"8"0;
"D <SIZE-1..0>"
$PN"7"95;
"Y <SIZE-1..0>"
$PN"12"49;
"Y <SIZE-1..0>* \B"
$PN"13"45;
%"RSMD0805"
"1","(2800,3575)","1","resistors","I112";
;
$LOCATION"R286"
CDS_LOCATION"R286"
$SEC"1"
CDS_SEC"1"
VALUE"100"
CDS_LIB"resistors"
CDS_LMAN_SYM_OUTLINE"-75,25,75,-25"
POWER"0.1"
MAX_TEMP"RTMAX"
TC2"RTMPO"
TC1"RTMPL"
SLOPE"RSMAX"
VOLTAGE"25V"
DIST"FLAT"
TOL_ON_OFF"ON"
IC"UNDEF"
NEGTOL"5%"
NEEDS_NO_SIZE"TRUE"
POSTOL"5%"
TOL"1%"
PACKTYPE"0805";
"A<0>"
$PN"1"95;
"B<0>"
$PN"2"10;
%"RSMD0805"
"1","(3550,3825)","1","resistors","I113";
;
$LOCATION"R289"
CDS_LOCATION"R289"
$SEC"1"
CDS_SEC"1"
VALUE"100"
PACKTYPE"0805"
TOL"1%"
POSTOL"5%"
NEEDS_NO_SIZE"TRUE"
NEGTOL"5%"
IC"UNDEF"
TOL_ON_OFF"ON"
DIST"FLAT"
VOLTAGE"25V"
SLOPE"RSMAX"
TC1"RTMPL"
TC2"RTMPO"
MAX_TEMP"RTMAX"
POWER"0.1"
CDS_LMAN_SYM_OUTLINE"-75,25,75,-25"
CDS_LIB"resistors";
"A<0>"
$PN"1"94;
"B<0>"
$PN"2"11;
%"GND"
"1","(3850,4125)","0","misc","I116";
;
CDS_LIB"misc"
BODY_TYPE"PLUMBING"
HDL_POWER"GND";
"G\NAC"125;
%"RSMD0805"
"1","(3700,3500)","1","resistors","I117";
;
$LOCATION"R290"
CDS_LOCATION"R290"
$SEC"1"
CDS_SEC"1"
VALUE"50"
CDS_LIB"resistors"
CDS_LMAN_SYM_OUTLINE"-75,25,75,-25"
POWER"0.1"
MAX_TEMP"RTMAX"
TC2"RTMPO"
TC1"RTMPL"
SLOPE"RSMAX"
VOLTAGE"25V"
DIST"FLAT"
TOL_ON_OFF"ON"
IC"UNDEF"
NEGTOL"5%"
NEEDS_NO_SIZE"TRUE"
POSTOL"5%"
TOL"1%"
PACKTYPE"0805";
"A<0>"
$PN"1"19;
"B<0>"
$PN"2"95;
%"RSMD0805"
"1","(3800,3500)","1","resistors","I118";
;
$LOCATION"R293"
CDS_LOCATION"R293"
$SEC"1"
CDS_SEC"1"
VALUE"50"
CDS_LMAN_SYM_OUTLINE"-75,25,75,-25"
CDS_LIB"resistors"
PACKTYPE"0805"
TOL"1%"
POSTOL"5%"
NEEDS_NO_SIZE"TRUE"
NEGTOL"5%"
IC"UNDEF"
TOL_ON_OFF"ON"
DIST"FLAT"
VOLTAGE"25V"
SLOPE"RSMAX"
TC1"RTMPL"
TC2"RTMPO"
MAX_TEMP"RTMAX"
POWER"0.1";
"A<0>"
$PN"1"19;
"B<0>"
$PN"2"94;
%"10E116"
"1","(2050,4775)","2","ecl","I119";
SECTION"1";
$LOCATION"U101"
CDS_LOCATION"U101"
$SEC"5"
CDS_SEC"5"
ABBREV"10E116"
TITLE"10E116"
CDS_LIB"ecl";
"A <SIZE-1..0>"
$PN"3"51;
"B <SIZE-1..0>* \B"
$PN"4"52;
"REF"
$PN"2"0;
"Y <SIZE-1..0>"
$PN"8"39;
"Y <SIZE-1..0>* \B"
$PN"9"38;
%"10H125"
"1","(-1350,800)","0","ecl","I120";
SECTION"1";
$LOCATION"U79"
CDS_LOCATION"U79"
$SEC"3"
CDS_SEC"3"
CDS_LIB"ecl";
"A <SIZE-1..0>"
$PN"9"21;
"B <SIZE-1..0>* \B"
$PN"8"13;
"V"
$PN"2"0;
"Y <SIZE-1..0>"
$PN"7"60;
%"10E101"
"1","(-2250,775)","0","ecl","I123";
;
$LOCATION"U98"
CDS_LOCATION"U98"
$SEC"1"
CDS_SEC"1"
CDS_LIB"ecl"
ABBREV"10E101"
TITLE"10E101";
"A <SIZE-1..0>"
$PN"25"47;
"B <SIZE-1..0>"
$PN"24"86;
"C <SIZE-1..0>"
$PN"23"0;
"D <SIZE-1..0>"
$PN"22"14;
"Y <SIZE-1..0>"
$PN"19"21;
"Y <SIZE-1..0>* \B"
$PN"20"13;
%"RSMD0805"
"1","(-3100,350)","1","resistors","I125";
;
$LOCATION"R246"
CDS_LOCATION"R246"
$SEC"1"
CDS_SEC"1"
VALUE"50"
CDS_LIB"resistors"
CDS_LMAN_SYM_OUTLINE"-75,25,75,-25"
PACKTYPE"0805"
TOL"1%"
POSTOL"5%"
NEEDS_NO_SIZE"TRUE"
NEGTOL"5%"
IC"UNDEF"
TOL_ON_OFF"ON"
DIST"FLAT"
VOLTAGE"25V"
SLOPE"RSMAX"
TC1"RTMPL"
TC2"RTMPO"
MAX_TEMP"RTMAX"
POWER"0.1";
"A<0>"
$PN"1"23;
"B<0>"
$PN"2"86;
%"10E116"
"1","(-1350,500)","0","ecl","I126";
SECTION"1";
$LOCATION"U101"
CDS_LOCATION"U101"
$SEC"1"
CDS_SEC"1"
ABBREV"10E116"
TITLE"10E116"
CDS_LIB"ecl";
"A <SIZE-1..0>"
$PN"23"21;
"B <SIZE-1..0>* \B"
$PN"24"13;
"REF"
$PN"2"0;
"Y <SIZE-1..0>"
$PN"20"34;
"Y <SIZE-1..0>* \B"
$PN"21"0;
%"RSMD0805"
"1","(-2025,350)","1","resistors","I127";
;
$LOCATION"R255"
CDS_LOCATION"R255"
$SEC"1"
CDS_SEC"1"
VALUE"50"
POWER"0.1"
MAX_TEMP"RTMAX"
TC2"RTMPO"
TC1"RTMPL"
SLOPE"RSMAX"
VOLTAGE"25V"
DIST"FLAT"
TOL_ON_OFF"ON"
IC"UNDEF"
NEGTOL"5%"
NEEDS_NO_SIZE"TRUE"
POSTOL"5%"
TOL"1%"
PACKTYPE"0805"
CDS_LMAN_SYM_OUTLINE"-75,25,75,-25"
CDS_LIB"resistors";
"A<0>"
$PN"1"23;
"B<0>"
$PN"2"13;
%"RSMD0805"
"1","(-1925,350)","1","resistors","I128";
;
$LOCATION"R256"
CDS_LOCATION"R256"
$SEC"1"
CDS_SEC"1"
VALUE"50"
POWER"0.1"
MAX_TEMP"RTMAX"
TC2"RTMPO"
TC1"RTMPL"
SLOPE"RSMAX"
VOLTAGE"25V"
DIST"FLAT"
TOL_ON_OFF"ON"
IC"UNDEF"
NEGTOL"5%"
NEEDS_NO_SIZE"TRUE"
POSTOL"5%"
TOL"1%"
PACKTYPE"0805"
CDS_LMAN_SYM_OUTLINE"-75,25,75,-25"
CDS_LIB"resistors";
"A<0>"
$PN"1"23;
"B<0>"
$PN"2"21;
%"RSMD0805"
"1","(-1050,375)","1","resistors","I129";
;
$LOCATION"R264"
CDS_LOCATION"R264"
$SEC"1"
CDS_SEC"1"
VALUE"50"
CDS_LIB"resistors"
CDS_LMAN_SYM_OUTLINE"-75,25,75,-25"
POWER"0.1"
MAX_TEMP"RTMAX"
TC2"RTMPO"
TC1"RTMPL"
SLOPE"RSMAX"
VOLTAGE"25V"
DIST"FLAT"
TOL_ON_OFF"ON"
IC"UNDEF"
NEGTOL"5%"
NEEDS_NO_SIZE"TRUE"
POSTOL"5%"
TOL"1%"
PACKTYPE"0805";
"A<0>"
$PN"1"23;
"B<0>"
$PN"2"34;
%"100EL34"
"1","(-525,4300)","0","ecl","I130";
;
$LOCATION"D6"
CDS_LOCATION"D6"
$SEC"1"
CDS_SEC"1"
CDS_LMAN_SYM_OUTLINE"-150,150,200,-150"
CDS_LIB"ecl";
"OUT8* \B"
$PN"8"127;
"OUT4* \B"
$PN"5"129;
"OUT2* \B"
$PN"2"131;
"OUT8"
$PN"7"128;
"OUT4"
$PN"4"130;
"OUT2"
$PN"1"132;
"VBB"
$PN"11"0;
"NC"
$PN"14"0;
"MR"
$PN"10"0;
"EN* \B"
$PN"15"123;
"CLK* \B"
$PN"12"110;
"CLK"
$PN"13"111;
%"TESTPOINT_L"
"1","(-2550,400)","3","misc","I131";
;
$LOCATION"TP166"
CDS_LOCATION"TP166"
$SEC"1"
CDS_SEC"1"
ABBREV"TP"
TITLE"TEST"
CDS_LIB"misc";
"A\NAC \B"
$PN"1"14;
%"TESTPOINT_L"
"1","(2650,4825)","0","misc","I132";
;
$LOCATION"TP172"
CDS_LOCATION"TP172"
$SEC"1"
CDS_SEC"1"
CDS_LIB"misc"
TITLE"TEST"
ABBREV"TP";
"A\NAC \B"
$PN"1"51;
%"TESTPOINT_L"
"1","(2650,4600)","0","misc","I133";
;
$LOCATION"TP173"
CDS_LOCATION"TP173"
$SEC"1"
CDS_SEC"1"
ABBREV"TP"
TITLE"TEST"
CDS_LIB"misc";
"A\NAC \B"
$PN"1"52;
%"TESTPOINT_L"
"1","(2725,4550)","2","misc","I137";
;
$LOCATION"TP177"
CDS_LOCATION"TP177"
$SEC"1"
CDS_SEC"1"
CDS_LIB"misc"
TITLE"TEST"
ABBREV"TP";
"A\NAC \B"
$PN"1"45;
%"TESTPOINT_L"
"1","(2725,4650)","2","misc","I138";
;
$LOCATION"TP176"
CDS_LOCATION"TP176"
$SEC"1"
CDS_SEC"1"
ABBREV"TP"
TITLE"TEST"
CDS_LIB"misc";
"A\NAC \B"
$PN"1"50;
%"TESTPOINT_L"
"1","(2725,4775)","2","misc","I139";
;
$LOCATION"TP175"
CDS_LOCATION"TP175"
$SEC"1"
CDS_SEC"1"
ABBREV"TP"
TITLE"TEST"
CDS_LIB"misc";
"A\NAC \B"
$PN"1"49;
%"TESTPOINT_L"
"1","(2725,4875)","2","misc","I140";
;
$LOCATION"TP174"
CDS_LOCATION"TP174"
$SEC"1"
CDS_SEC"1"
ABBREV"TP"
TITLE"TEST"
CDS_LIB"misc";
"A\NAC \B"
$PN"1"25;
%"TESTPOINT_L"
"1","(-2650,400)","3","misc","I143";
;
$LOCATION"TP165"
CDS_LOCATION"TP165"
$SEC"1"
CDS_SEC"1"
CDS_LIB"misc"
TITLE"TEST"
ABBREV"TP";
"A\NAC \B"
$PN"1"24;
%"RSMD0805"
"1","(975,3850)","0","resistors","I147";
;
LOCATION"R277"
$SEC"1"
CDS_SEC"1"
VALUE"2K"
POSTOL"5%"
NEEDS_NO_SIZE"TRUE"
NEGTOL"5%"
IC"UNDEF"
TOL_ON_OFF"ON"
DIST"FLAT"
VOLTAGE"25V"
SLOPE"RSMAX"
TC1"RTMPL"
TC2"RTMPO"
MAX_TEMP"RTMAX"
POWER"0.1"
CDS_LMAN_SYM_OUTLINE"-75,25,75,-25"
CDS_LIB"resistors"
TOL"1%"
PACKTYPE"0805";
"A<0>"
$PN"1"90;
"B<0>"
$PN"2"92;
%"CSMD0805"
"1","(1250,3725)","1","capacitors","I148";
;
$LOCATION"C71"
CDS_LOCATION"C71"
$SEC"1"
CDS_SEC"1"
VALUE"15PF"
VOLTAGE"25V"
PACKTYPE"0805"
CDS_LMAN_SYM_OUTLINE"-25,25,25,-25"
POSTOL"10%"
NEEDS_NO_SIZE"TRUE"
NEGTOL"10%"
IC"UNDEF"
DIST"FLAT"
SLOPE"CSMAX"
KNEE"CBMAX"
MAX_TEMP"CTMAX"
TC"0"
CURRENT"CIMAX"
TOL_ON_OFF"ON"
CDS_LIB"capacitors"
TOL"10%"
PART_NAME"CSMD0805";
"B<0>"
$PN"2"92;
"A<0>"
$PN"1"121;
%"10H125"
"1","(3450,1325)","0","ecl","I149";
SECTION"1";
$LOCATION"U52"
CDS_LOCATION"U52"
$SEC"2"
CDS_SEC"2"
PACK_TYPE"PLCC"
CDS_LIB"ecl";
"A <SIZE-1..0>"
$PN"14"41;
"B <SIZE-1..0>* \B"
$PN"13"40;
"V"
$PN"2"0;
"Y <SIZE-1..0>"
$PN"15"42;
%"RSMD0805"
"1","(2875,4425)","1","resistors","I154";
;
$LOCATION"R151"
CDS_LOCATION"R151"
$SEC"1"
CDS_SEC"1"
VALUE"50"
CDS_LMAN_SYM_OUTLINE"-75,25,75,-25"
CDS_LIB"resistors"
PACKTYPE"0805"
TOL"1%"
POSTOL"5%"
NEEDS_NO_SIZE"TRUE"
NEGTOL"5%"
IC"UNDEF"
TOL_ON_OFF"ON"
DIST"FLAT"
VOLTAGE"25V"
SLOPE"RSMAX"
TC1"RTMPL"
TC2"RTMPO"
MAX_TEMP"RTMAX"
POWER"0.1";
"A<0>"
$PN"1"53;
"B<0>"
$PN"2"45;
%"RSMD0805"
"1","(2975,4425)","1","resistors","I155";
;
$LOCATION"R152"
CDS_LOCATION"R152"
$SEC"1"
CDS_SEC"1"
VALUE"50"
PACKTYPE"0805"
TOL"1%"
POSTOL"5%"
NEEDS_NO_SIZE"TRUE"
NEGTOL"5%"
IC"UNDEF"
TOL_ON_OFF"ON"
DIST"FLAT"
VOLTAGE"25V"
SLOPE"RSMAX"
TC1"RTMPL"
TC2"RTMPO"
MAX_TEMP"RTMAX"
POWER"0.1"
CDS_LMAN_SYM_OUTLINE"-75,25,75,-25"
CDS_LIB"resistors";
"A<0>"
$PN"1"53;
"B<0>"
$PN"2"49;
%"RSMD0805"
"1","(-2400,3500)","1","resistors","I156";
;
$LOCATION"R147"
CDS_LOCATION"R147"
$SEC"1"
CDS_SEC"1"
VALUE"50"
CDS_LIB"resistors"
CDS_LMAN_SYM_OUTLINE"-75,25,75,-25"
POWER"0.1"
MAX_TEMP"RTMAX"
TC2"RTMPO"
TC1"RTMPL"
SLOPE"RSMAX"
VOLTAGE"25V"
DIST"FLAT"
TOL_ON_OFF"ON"
IC"UNDEF"
NEGTOL"5%"
NEEDS_NO_SIZE"TRUE"
POSTOL"5%"
TOL"1%"
PACKTYPE"0805";
"A<0>"
$PN"1"117;
"B<0>"
$PN"2"8;
%"RSMD0805"
"1","(-2300,3500)","1","resistors","I157";
;
$LOCATION"R148"
CDS_LOCATION"R148"
$SEC"1"
CDS_SEC"1"
VALUE"50"
POWER"0.1"
MAX_TEMP"RTMAX"
TC2"RTMPO"
TC1"RTMPL"
SLOPE"RSMAX"
VOLTAGE"25V"
DIST"FLAT"
TOL_ON_OFF"ON"
IC"UNDEF"
NEGTOL"5%"
NEEDS_NO_SIZE"TRUE"
POSTOL"5%"
TOL"1%"
PACKTYPE"0805"
CDS_LMAN_SYM_OUTLINE"-75,25,75,-25"
CDS_LIB"resistors";
"A<0>"
$PN"1"117;
"B<0>"
$PN"2"108;
%"RSMD0805"
"1","(-1225,2400)","1","resistors","I160";
;
$LOCATION"R149"
CDS_LOCATION"R149"
$SEC"1"
CDS_SEC"1"
VALUE"50"
CDS_LMAN_SYM_OUTLINE"-75,25,75,-25"
CDS_LIB"resistors"
PACKTYPE"0805"
TOL"1%"
POSTOL"5%"
NEEDS_NO_SIZE"TRUE"
NEGTOL"5%"
IC"UNDEF"
TOL_ON_OFF"ON"
DIST"FLAT"
VOLTAGE"25V"
SLOPE"RSMAX"
TC1"RTMPL"
TC2"RTMPO"
MAX_TEMP"RTMAX"
POWER"0.1";
"A<0>"
$PN"1"56;
"B<0>"
$PN"2"6;
%"RSMD0805"
"1","(-1175,2400)","1","resistors","I161";
;
$LOCATION"R150"
CDS_LOCATION"R150"
$SEC"1"
CDS_SEC"1"
VALUE"50"
POWER"0.1"
MAX_TEMP"RTMAX"
TC2"RTMPO"
TC1"RTMPL"
SLOPE"RSMAX"
VOLTAGE"25V"
DIST"FLAT"
TOL_ON_OFF"ON"
IC"UNDEF"
NEGTOL"5%"
NEEDS_NO_SIZE"TRUE"
POSTOL"5%"
TOL"1%"
PACKTYPE"0805"
CDS_LMAN_SYM_OUTLINE"-75,25,75,-25"
CDS_LIB"resistors";
"A<0>"
$PN"1"56;
"B<0>"
$PN"2"5;
%"GND"
"1","(-2875,3050)","0","misc","I162";
;
BODY_TYPE"PLUMBING"
HDL_POWER"GND"
CDS_LIB"misc";
"G\NAC"124;
%"CSMD0805"
"1","(-2600,3100)","0","capacitors","I163";
;
LOCATION"C70"
$SEC"1"
CDS_SEC"1"
VOLTAGE"50V"
PACKTYPE"0805"
VALUE"0.1UF"
PART_NAME"CSMD0805"
TOL_ON_OFF"ON"
CURRENT"CIMAX"
TC"0"
MAX_TEMP"CTMAX"
KNEE"CBMAX"
SLOPE"CSMAX"
DIST"FLAT"
IC"UNDEF"
NEGTOL"10%"
NEEDS_NO_SIZE"TRUE"
POSTOL"10%"
TOL"5%"
CDS_LMAN_SYM_OUTLINE"-25,25,25,-25"
CDS_LIB"capacitors";
"B<0>"
$PN"2"115;
"A<0>"
$PN"1"124;
%"GND"
"1","(-1850,4275)","0","misc","I164";
;
HDL_POWER"GND"
BODY_TYPE"PLUMBING"
CDS_LIB"misc";
"G\NAC"118;
%"CSMD0805"
"1","(-1675,4375)","0","capacitors","I165";
;
$LOCATION"C69"
CDS_LOCATION"C69"
$SEC"1"
CDS_SEC"1"
PACKTYPE"0805"
VALUE"0.1UF"
PART_NAME"CSMD0805"
VOLTAGE"50V"
TOL"5%"
POSTOL"10%"
NEEDS_NO_SIZE"TRUE"
NEGTOL"10%"
IC"UNDEF"
DIST"FLAT"
SLOPE"CSMAX"
KNEE"CBMAX"
MAX_TEMP"CTMAX"
TC"0"
CURRENT"CIMAX"
TOL_ON_OFF"ON"
CDS_LMAN_SYM_OUTLINE"-25,25,25,-25"
CDS_LIB"capacitors";
"B<0>"
$PN"2"112;
"A<0>"
$PN"1"118;
%"TESTPOINT_L"
"1","(-175,4425)","0","misc","I166";
;
$LOCATION"TP248"
CDS_LOCATION"TP248"
$SEC"1"
CDS_SEC"1"
TITLE"TEST"
ABBREV"TP"
CDS_LIB"misc";
"A\NAC \B"
$PN"1"132;
%"TESTPOINT_L"
"1","(-175,4375)","0","misc","I167";
;
$LOCATION"TP249"
CDS_LOCATION"TP249"
$SEC"1"
CDS_SEC"1"
TITLE"TEST"
ABBREV"TP"
CDS_LIB"misc";
"A\NAC \B"
$PN"1"131;
%"TESTPOINT_L"
"1","(-175,4325)","0","misc","I168";
;
$LOCATION"TP250"
CDS_LOCATION"TP250"
$SEC"1"
CDS_SEC"1"
TITLE"TEST"
ABBREV"TP"
CDS_LIB"misc";
"A\NAC \B"
$PN"1"130;
%"TESTPOINT_L"
"1","(-175,4275)","0","misc","I169";
;
$LOCATION"TP251"
CDS_LOCATION"TP251"
$SEC"1"
CDS_SEC"1"
TITLE"TEST"
ABBREV"TP"
CDS_LIB"misc";
"A\NAC \B"
$PN"1"129;
%"TESTPOINT_L"
"1","(-175,4225)","0","misc","I170";
;
$LOCATION"TP252"
CDS_LOCATION"TP252"
$SEC"1"
CDS_SEC"1"
TITLE"TEST"
ABBREV"TP"
CDS_LIB"misc";
"A\NAC \B"
$PN"1"128;
%"TESTPOINT_L"
"1","(-175,4175)","0","misc","I171";
;
$LOCATION"TP253"
CDS_LOCATION"TP253"
$SEC"1"
CDS_SEC"1"
TITLE"TEST"
ABBREV"TP"
CDS_LIB"misc";
"A\NAC \B"
$PN"1"127;
%"TESTPOINT_L"
"1","(-75,4400)","2","misc","I172";
;
$LOCATION"TP254"
CDS_LOCATION"TP254"
$SEC"1"
CDS_SEC"1"
ABBREV"TP"
TITLE"TEST"
CDS_LIB"misc";
"A\NAC \B"
$PN"1"106;
%"TESTPOINT_L"
"1","(-75,4300)","2","misc","I173";
;
$LOCATION"TP255"
CDS_LOCATION"TP255"
$SEC"1"
CDS_SEC"1"
ABBREV"TP"
TITLE"TEST"
CDS_LIB"misc";
"A\NAC \B"
$PN"1"107;
%"74F164"
"2","(-3000,1825)","0","misc","I182";
;
$LOCATION"U93"
CDS_LOCATION"U93"
$SEC"1"
CDS_SEC"1"
PACK_TYPE"2"
CDS_LMAN_SYM_OUTLINE"-125,300,125,-300"
CDS_LIB"misc";
"Q7"
$PN"13"69;
"Q6"
$PN"12"77;
"Q5"
$PN"11"76;
"Q4"
$PN"10"74;
"Q3"
$PN"6"72;
"Q2"
$PN"5"87;
"Q1"
$PN"4"3;
"Q0"
$PN"3"70;
"CP"
$PN"8"58;
"DSB"
$PN"2"57;
"MR* \B"
$PN"9"0;
"DSA"
$PN"1"55;
%"8 MERGE"
"1","(-1150,1825)","0","standard","I183";
;
BODY_TYPE"PLUMBING"
NEEDS_NO_SIZE"TRUE"
CDS_LIB"standard";
"A\NWC\NAC"89;
"B\NWC\NAC"88;
"C\NWC\NAC"71;
"D\NWC\NAC"73;
"E\NWC\NAC"75;
"F\NWC\NAC"78;
"G\NWC\NAC"80;
"H\NWC\NAC"79;
"Y\NWC\NAC"65;
%"TESTPOINT_L"
"1","(-2500,2950)","1","misc","I184";
;
$LOCATION"TP240"
CDS_LOCATION"TP240"
$SEC"1"
CDS_SEC"1"
ABBREV"TP"
TITLE"TEST"
CDS_LIB"misc";
"A\NAC \B"
$PN"1"70;
%"TESTPOINT_L"
"1","(-2500,2775)","1","misc","I185";
;
$LOCATION"TP241"
CDS_LOCATION"TP241"
$SEC"1"
CDS_SEC"1"
ABBREV"TP"
TITLE"TEST"
CDS_LIB"misc";
"A\NAC \B"
$PN"1"3;
%"TESTPOINT_L"
"1","(-2500,2600)","1","misc","I186";
;
$LOCATION"TP242"
CDS_LOCATION"TP242"
$SEC"1"
CDS_SEC"1"
TITLE"TEST"
ABBREV"TP"
CDS_LIB"misc";
"A\NAC \B"
$PN"1"87;
%"TESTPOINT_L"
"1","(-2500,2425)","1","misc","I187";
;
$LOCATION"TP243"
CDS_LOCATION"TP243"
$SEC"1"
CDS_SEC"1"
TITLE"TEST"
ABBREV"TP"
CDS_LIB"misc";
"A\NAC \B"
$PN"1"72;
%"TESTPOINT_L"
"1","(-2500,2250)","1","misc","I188";
;
$LOCATION"TP244"
CDS_LOCATION"TP244"
$SEC"1"
CDS_SEC"1"
TITLE"TEST"
ABBREV"TP"
CDS_LIB"misc";
"A\NAC \B"
$PN"1"74;
%"TESTPOINT_L"
"1","(-2500,2075)","1","misc","I189";
;
$LOCATION"TP245"
CDS_LOCATION"TP245"
$SEC"1"
CDS_SEC"1"
TITLE"TEST"
ABBREV"TP"
CDS_LIB"misc";
"A\NAC \B"
$PN"1"76;
%"TESTPOINT_L"
"1","(-2500,1900)","1","misc","I190";
;
$LOCATION"TP246"
CDS_LOCATION"TP246"
$SEC"1"
CDS_SEC"1"
TITLE"TEST"
ABBREV"TP"
CDS_LIB"misc";
"A\NAC \B"
$PN"1"77;
%"TESTPOINT_L"
"1","(-2500,1725)","1","misc","I191";
;
$LOCATION"TP247"
CDS_LOCATION"TP247"
$SEC"1"
CDS_SEC"1"
CDS_LIB"misc"
ABBREV"TP"
TITLE"TEST";
"A\NAC \B"
$PN"1"69;
%"MC10H104"
"1","(550,2525)","0","ecl","I192";
;
$LOCATION"U100"
CDS_LOCATION"U100"
$SEC"1"
CDS_SEC"1"
PACK_TYPE"PLCC"
CDS_LMAN_SYM_OUTLINE"-125,125,125,-125"
CDS_LIB"ecl";
"Y"
$PN"3"66;
"B"
$PN"7"91;
"A"
$PN"5"99;
%"MC10H124"
"1","(-200,3125)","2","ecl","I193";
;
$LOCATION"U97"
CDS_LOCATION"U97"
$SEC"3"
CDS_SEC"3"
PACK_TYPE"PLCC"
CDS_LMAN_SYM_OUTLINE"-125,100,25,-100"
CDS_LIB"ecl";
"IN"
$PN"13"105;
"OUT"
$PN"19"7;
"COMMON"
$PN"8"67;
"OUT* \B"
$PN"15"4;
%"MC10H124"
"1","(-2125,1575)","0","ecl","I194";
;
$LOCATION"U97"
CDS_LOCATION"U97"
$SEC"1"
CDS_SEC"1"
PACK_TYPE"PLCC"
CDS_LMAN_SYM_OUTLINE"-125,100,25,-100"
CDS_LIB"ecl";
"IN"
$PN"7"69;
"OUT"
$PN"3"79;
"COMMON"
$PN"8"1;
"OUT* \B"
$PN"5"0;
%"MC10H124"
"1","(-2125,2800)","0","ecl","I195";
;
$LOCATION"U92"
CDS_LOCATION"U92"
$SEC"2"
CDS_SEC"2"
PACK_TYPE"PLCC"
CDS_LMAN_SYM_OUTLINE"-125,100,25,-100"
CDS_LIB"ecl";
"IN"
$PN"9"70;
"OUT"
$PN"2"89;
"COMMON"
$PN"8"1;
"OUT* \B"
$PN"4"0;
%"MC10H124"
"1","(-2125,2625)","0","ecl","I196";
;
$LOCATION"U92"
CDS_LOCATION"U92"
$SEC"3"
CDS_SEC"3"
PACK_TYPE"PLCC"
CDS_LMAN_SYM_OUTLINE"-125,100,25,-100"
CDS_LIB"ecl";
"IN"
$PN"13"3;
"OUT"
$PN"19"88;
"COMMON"
$PN"8"1;
"OUT* \B"
$PN"15"0;
%"MC10H124"
"1","(-2125,2450)","0","ecl","I197";
;
$LOCATION"U92"
CDS_LOCATION"U92"
$SEC"4"
CDS_SEC"4"
PACK_TYPE"PLCC"
CDS_LMAN_SYM_OUTLINE"-125,100,25,-100"
CDS_LIB"ecl";
"IN"
$PN"14"87;
"OUT"
$PN"18"71;
"COMMON"
$PN"8"1;
"OUT* \B"
$PN"17"0;
%"MC10H124"
"1","(-2125,2275)","0","ecl","I198";
;
$LOCATION"U96"
CDS_LOCATION"U96"
$SEC"1"
CDS_SEC"1"
PACK_TYPE"PLCC"
CDS_LMAN_SYM_OUTLINE"-125,100,25,-100"
CDS_LIB"ecl";
"IN"
$PN"7"72;
"OUT"
$PN"3"73;
"COMMON"
$PN"8"1;
"OUT* \B"
$PN"5"0;
%"MC10H124"
"1","(-2125,2100)","0","ecl","I199";
;
$LOCATION"U96"
CDS_LOCATION"U96"
$SEC"2"
CDS_SEC"2"
PACK_TYPE"PLCC"
CDS_LMAN_SYM_OUTLINE"-125,100,25,-100"
CDS_LIB"ecl";
"IN"
$PN"9"74;
"OUT"
$PN"2"75;
"COMMON"
$PN"8"1;
"OUT* \B"
$PN"4"0;
%"MC10H124"
"1","(-2125,1925)","0","ecl","I200";
;
$LOCATION"U96"
CDS_LOCATION"U96"
$SEC"3"
CDS_SEC"3"
PACK_TYPE"PLCC"
CDS_LMAN_SYM_OUTLINE"-125,100,25,-100"
CDS_LIB"ecl";
"IN"
$PN"13"76;
"OUT"
$PN"19"78;
"COMMON"
$PN"8"1;
"OUT* \B"
$PN"15"0;
%"MC10H124"
"1","(-2125,1750)","0","ecl","I201";
;
$LOCATION"U96"
CDS_LOCATION"U96"
$SEC"4"
CDS_SEC"4"
PACK_TYPE"PLCC"
CDS_LMAN_SYM_OUTLINE"-125,100,25,-100"
CDS_LIB"ecl";
"IN"
$PN"14"77;
"OUT"
$PN"18"80;
"COMMON"
$PN"8"1;
"OUT* \B"
$PN"17"0;
%"MC10H124"
"1","(-1925,1300)","0","ecl","I202";
;
$LOCATION"U97"
CDS_LOCATION"U97"
$SEC"2"
CDS_SEC"2"
PACK_TYPE"PLCC"
CDS_LMAN_SYM_OUTLINE"-125,100,25,-100"
CDS_LIB"ecl";
"IN"
$PN"9"81;
"OUT"
$PN"2"0;
"COMMON"
$PN"8"82;
"OUT* \B"
$PN"4"83;
%"MC10H124"
"1","(-3325,775)","0","ecl","I203";
;
$LOCATION"U92"
CDS_LOCATION"U92"
$SEC"1"
CDS_SEC"1"
PACK_TYPE"PLCC"
CDS_LMAN_SYM_OUTLINE"-125,100,25,-100"
CDS_LIB"ecl";
"IN"
$PN"7"85;
"OUT"
$PN"3"86;
"COMMON"
$PN"8"84;
"OUT* \B"
$PN"5"0;
%"LED_L"
"1","(3550,4025)","0","misc","I204";
;
$LOCATION"U209"
CDS_LOCATION"U209"
$SEC"1"
CDS_SEC"1"
TITLE"LED"
ABBREV"LED"
NEEDS_NO_SIZE"TRUE"
CDS_LIB"misc";
"A\NAC"
$PN"2"11;
"B\NAC"
$PN"1"125;
%"LED_L"
"1","(2800,3850)","0","misc","I205";
;
$LOCATION"U208"
CDS_LOCATION"U208"
$SEC"1"
CDS_SEC"1"
TITLE"LED"
ABBREV"LED"
NEEDS_NO_SIZE"TRUE"
CDS_LIB"misc";
"A\NAC"
$PN"2"10;
"B\NAC"
$PN"1"120;
%"LED_L"
"1","(2525,3775)","0","misc","I206";
;
$LOCATION"U207"
CDS_LOCATION"U207"
$SEC"1"
CDS_SEC"1"
TITLE"LED"
ABBREV"LED"
NEEDS_NO_SIZE"TRUE"
CDS_LIB"misc";
"A\NAC"
$PN"2"96;
"B\NAC"
$PN"1"120;
%"LED_L"
"1","(2000,3750)","0","misc","I207";
;
$LOCATION"U206"
CDS_LOCATION"U206"
$SEC"1"
CDS_SEC"1"
TITLE"LED"
ABBREV"LED"
NEEDS_NO_SIZE"TRUE"
CDS_LIB"misc";
"A\NAC"
$PN"2"9;
"B\NAC"
$PN"1"120;
%"TESTPOINT_L"
"1","(-75,4550)","2","misc","I209";
;
$LOCATION"TP283"
CDS_LOCATION"TP283"
$SEC"1"
CDS_SEC"1"
CDS_LIB"misc"
TITLE"TEST"
ABBREV"TP";
"A\NAC \B"
$PN"1"107;
%"TESTPOINT_L"
"1","(-75,4175)","2","misc","I210";
;
$LOCATION"TP286"
CDS_LOCATION"TP286"
$SEC"1"
CDS_SEC"1"
CDS_LIB"misc"
TITLE"TEST"
ABBREV"TP";
"A\NAC \B"
$PN"1"107;
%"TESTPOINT_L"
"1","(-75,4475)","2","misc","I211";
;
$LOCATION"TP284"
CDS_LOCATION"TP284"
$SEC"1"
CDS_SEC"1"
CDS_LIB"misc"
TITLE"TEST"
ABBREV"TP";
"A\NAC \B"
$PN"1"106;
%"TESTPOINT_L"
"1","(-75,4225)","2","misc","I212";
;
$LOCATION"TP285"
CDS_LOCATION"TP285"
$SEC"1"
CDS_SEC"1"
CDS_LIB"misc"
TITLE"TEST"
ABBREV"TP";
"A\NAC \B"
$PN"1"106;
%"10H116"
"1","(-1150,4375)","0","ecl","I214";
;
$LOCATION"U46"
CDS_LOCATION"U46"
$SEC"1"
CDS_SEC"1"
PACK_TYPE"PLCC"
SECTION"1\PARAMETER"
CDS_LMAN_SYM_OUTLINE"-125,100,50,-100"
CDS_LIB"ecl";
"V"
$PN"14"112;
"Y<SIZE-1..0>* \B"
$PN"18"110;
"Y<SIZE-1..0>"
$PN"19"111;
"B<SIZE-1..0>* \B"
$PN"15"112;
"A<SIZE-1..0>"
$PN"17"109;
%"10H116"
"1","(-2175,3175)","0","ecl","I215";
;
$LOCATION"U45"
CDS_LOCATION"U45"
$SEC"1"
CDS_SEC"1"
PACK_TYPE"PLCC"
SECTION"1\PARAMETER"
CDS_LMAN_SYM_OUTLINE"-125,100,50,-100"
CDS_LIB"ecl";
"V"
$PN"14"115;
"Y<SIZE-1..0>* \B"
$PN"18"113;
"Y<SIZE-1..0>"
$PN"19"114;
"B<SIZE-1..0>* \B"
$PN"15"115;
"A<SIZE-1..0>"
$PN"17"116;
%"RSMD0805"
"1","(-1025,4100)","1","resistors","I27";
;
$LOCATION"R20"
CDS_LOCATION"R20"
$SEC"1"
CDS_SEC"1"
VALUE"50"
CDS_LMAN_SYM_OUTLINE"-75,25,75,-25"
CDS_LIB"resistors"
POWER"0.1"
MAX_TEMP"RTMAX"
TC2"RTMPO"
TC1"RTMPL"
SLOPE"RSMAX"
VOLTAGE"25V"
DIST"FLAT"
TOL_ON_OFF"ON"
IC"UNDEF"
NEGTOL"5%"
NEEDS_NO_SIZE"TRUE"
POSTOL"5%"
TOL"1%"
PACKTYPE"0805";
"A<0>"
$PN"1"2;
"B<0>"
$PN"2"110;
%"RSMD0805"
"1","(-875,4100)","1","resistors","I28";
;
$LOCATION"R25"
CDS_LOCATION"R25"
$SEC"1"
CDS_SEC"1"
VALUE"50"
CDS_LIB"resistors"
CDS_LMAN_SYM_OUTLINE"-75,25,75,-25"
PACKTYPE"0805"
TOL"1%"
POSTOL"5%"
NEEDS_NO_SIZE"TRUE"
NEGTOL"5%"
IC"UNDEF"
TOL_ON_OFF"ON"
DIST"FLAT"
VOLTAGE"25V"
SLOPE"RSMAX"
TC1"RTMPL"
TC2"RTMPO"
MAX_TEMP"RTMAX"
POWER"0.1";
"A<0>"
$PN"1"2;
"B<0>"
$PN"2"111;
%"GND"
"1","(-625,3950)","0","misc","I37";
;
CDS_LIB"misc"
HDL_POWER"GND"
BODY_TYPE"PLUMBING";
"G\NAC"123;
%"10H125"
"1","(375,3550)","3","ecl","I38";
SECTION"1";
$LOCATION"U79"
CDS_LOCATION"U79"
$SEC"4"
CDS_SEC"4"
CDS_LIB"ecl";
"A <SIZE-1..0>"
$PN"4"106;
"B <SIZE-1..0>* \B"
$PN"3"107;
"V"
$PN"2"0;
"Y <SIZE-1..0>"
$PN"5"93;
%"RSMD0805"
"1","(150,4025)","1","resistors","I39";
;
$LOCATION"R274"
CDS_LOCATION"R274"
$SEC"1"
CDS_SEC"1"
VALUE"50"
POWER"0.1"
MAX_TEMP"RTMAX"
TC2"RTMPO"
TC1"RTMPL"
SLOPE"RSMAX"
VOLTAGE"25V"
DIST"FLAT"
TOL_ON_OFF"ON"
IC"UNDEF"
NEGTOL"5%"
NEEDS_NO_SIZE"TRUE"
POSTOL"5%"
TOL"1%"
PACKTYPE"0805"
CDS_LMAN_SYM_OUTLINE"-75,25,75,-25"
CDS_LIB"resistors";
"A<0>"
$PN"1"54;
"B<0>"
$PN"2"106;
%"RSMD0805"
"1","(225,4025)","1","resistors","I40";
;
$LOCATION"R275"
CDS_LOCATION"R275"
$SEC"1"
CDS_SEC"1"
VALUE"50"
CDS_LIB"resistors"
CDS_LMAN_SYM_OUTLINE"-75,25,75,-25"
PACKTYPE"0805"
TOL"1%"
POSTOL"5%"
NEEDS_NO_SIZE"TRUE"
NEGTOL"5%"
IC"UNDEF"
TOL_ON_OFF"ON"
DIST"FLAT"
VOLTAGE"25V"
SLOPE"RSMAX"
TC1"RTMPL"
TC2"RTMPO"
MAX_TEMP"RTMAX"
POWER"0.1";
"A<0>"
$PN"1"54;
"B<0>"
$PN"2"107;
%"HCT123"
"1","(1200,3325)","0","misc","I41";
;
$LOCATION"U109"
CDS_LOCATION"U109"
$SEC"1"
CDS_SEC"1"
PULSE_WIDTH"500NS"
CDS_LIB"misc"
NEEDS_NO_SIZE"TRUE";
"C/R"
$PN"7"92;
"C"
$PN"6"121;
"Q"
$PN"5"104;
"Q* \B"
$PN"12"105;
"CL* \B"
$PN"11"97;
"CLOCK"
$PN"10"93;
"CLOCK* \B"
$PN"9"122;
%"GND"
"1","(775,3225)","0","misc","I42";
;
CDS_LIB"misc"
BODY_TYPE"PLUMBING"
HDL_POWER"GND";
"G\NAC"122;
%"GND"
"1","(1600,3525)","0","misc","I45";
;
CDS_LIB"misc"
BODY_TYPE"PLUMBING"
HDL_POWER"GND";
"G\NAC"121;
%"GND"
"1","(2325,3900)","0","misc","I47";
;
CDS_LIB"misc"
BODY_TYPE"PLUMBING"
HDL_POWER"GND";
"G\NAC"120;
%"RSMD0805"
"1","(2000,3475)","1","resistors","I48";
;
$LOCATION"R279"
CDS_LOCATION"R279"
$SEC"1"
CDS_SEC"1"
VALUE"100"
POWER"0.1"
MAX_TEMP"RTMAX"
TC2"RTMPO"
TC1"RTMPL"
SLOPE"RSMAX"
VOLTAGE"25V"
DIST"FLAT"
TOL_ON_OFF"ON"
IC"UNDEF"
NEGTOL"5%"
NEEDS_NO_SIZE"TRUE"
POSTOL"5%"
TOL"1%"
PACKTYPE"0805"
CDS_LMAN_SYM_OUTLINE"-75,25,75,-25"
CDS_LIB"resistors";
"A<0>"
$PN"1"104;
"B<0>"
$PN"2"9;
%"TESTPOINT_L"
"1","(1900,3475)","1","misc","I49";
;
$LOCATION"TP170"
CDS_LOCATION"TP170"
$SEC"1"
CDS_SEC"1"
TITLE"TEST"
ABBREV"TP"
CDS_LIB"misc";
"A\NAC \B"
$PN"1"104;
%"F273"
"1","(1850,2850)","0","ttl","I50";
;
$LOCATION"U111"
CDS_LOCATION"U111"
$SEC"1"
CDS_SEC"1"
CDS_LIB"ttl"
CDS_LMAN_SYM_OUTLINE"-125,175,125,-200";
"D"
$PN"3"100;
"Q"
$PN"2"103;
"CP"
$PN"11"105;
"CL \B"
$PN"1"102;
%"RSMD0805"
"1","(2525,3475)","1","resistors","I52";
;
$LOCATION"R284"
CDS_LOCATION"R284"
$SEC"1"
CDS_SEC"1"
VALUE"100"
POWER"0.1"
MAX_TEMP"RTMAX"
TC2"RTMPO"
TC1"RTMPL"
SLOPE"RSMAX"
VOLTAGE"25V"
DIST"FLAT"
TOL_ON_OFF"ON"
IC"UNDEF"
NEGTOL"5%"
NEEDS_NO_SIZE"TRUE"
POSTOL"5%"
TOL"1%"
PACKTYPE"0805"
CDS_LMAN_SYM_OUTLINE"-75,25,75,-25"
CDS_LIB"resistors";
"A<0>"
$PN"1"103;
"B<0>"
$PN"2"96;
%"TESTPOINT_L"
"1","(2100,2900)","3","misc","I55";
;
$LOCATION"TP171"
CDS_LOCATION"TP171"
$SEC"1"
CDS_SEC"1"
TITLE"TEST"
ABBREV"TP"
CDS_LIB"misc";
"A\NAC \B"
$PN"1"103;
%"TESTPOINT_L"
"1","(1450,2675)","3","misc","I56";
;
$LOCATION"TP169"
CDS_LOCATION"TP169"
$SEC"1"
CDS_SEC"1"
ABBREV"TP"
TITLE"TEST"
CDS_LIB"misc";
"A\NAC \B"
$PN"1"105;
%"10E016"
"1","(1075,1675)","0","ecl","I58";
;
$LOCATION"U108"
CDS_LOCATION"U108"
$SEC"1"
CDS_SEC"1"
TITLE"10E016"
ABBREV"10E016"
NEEDS_NO_SIZE"TRUE"
CDS_LIB"ecl";
"CE* \B"
$PN"24"66;
"CLK"
$PN"27"63;
"CLK"0;
"MR"
$PN"26"17;
"MR"0;
"P <7..0>"65;
"PE* \B"
$PN"25"83;
"PE* \B"0;
"Q <7..0>"0;
"TC* \B"
$PN"19"99;
"TCLD"
$PN"28"46;
%"RSMD0805"
"1","(-1675,1125)","1","resistors","I61";
;
$LOCATION"R258"
CDS_LOCATION"R258"
$SEC"1"
CDS_SEC"1"
VALUE"50"
PACKTYPE"0805"
TOL"1%"
POSTOL"5%"
NEEDS_NO_SIZE"TRUE"
NEGTOL"5%"
IC"UNDEF"
TOL_ON_OFF"ON"
DIST"FLAT"
VOLTAGE"25V"
SLOPE"RSMAX"
TC1"RTMPL"
TC2"RTMPO"
MAX_TEMP"RTMAX"
POWER"0.1"
CDS_LIB"resistors"
CDS_LMAN_SYM_OUTLINE"-75,25,75,-25";
"A<0>"
$PN"1"59;
"B<0>"
$PN"2"83;
%"100EL05"
"1","(-925,2725)","0","ecl","I64";
;
$LOCATION"U103"
CDS_LOCATION"U103"
$SEC"1"
CDS_SEC"1"
CDS_LIB"ecl"
CDS_LMAN_SYM_OUTLINE"-125,125,125,-125";
"IN1* \B"
$PN"2"4;
"IN1"
$PN"1"7;
"OUT* \B"
$PN"6"64;
"OUT"
$PN"7"68;
"IN2* \B"
$PN"4"113;
"IN2"
$PN"3"114;
%"RSMD0805"
"1","(-1500,2400)","1","resistors","I65";
;
$LOCATION"R260"
CDS_LOCATION"R260"
$SEC"1"
CDS_SEC"1"
VALUE"50"
POWER"0.1"
MAX_TEMP"RTMAX"
TC2"RTMPO"
TC1"RTMPL"
SLOPE"RSMAX"
VOLTAGE"25V"
DIST"FLAT"
TOL_ON_OFF"ON"
IC"UNDEF"
NEGTOL"5%"
NEEDS_NO_SIZE"TRUE"
POSTOL"5%"
TOL"1%"
PACKTYPE"0805"
CDS_LMAN_SYM_OUTLINE"-75,25,75,-25"
CDS_LIB"resistors";
"A<0>"
$PN"1"56;
"B<0>"
$PN"2"113;
%"RSMD0805"
"1","(-1425,2400)","1","resistors","I66";
;
$LOCATION"R261"
CDS_LOCATION"R261"
$SEC"1"
CDS_SEC"1"
VALUE"50"
POWER"0.1"
MAX_TEMP"RTMAX"
TC2"RTMPO"
TC1"RTMPL"
SLOPE"RSMAX"
VOLTAGE"25V"
DIST"FLAT"
TOL_ON_OFF"ON"
IC"UNDEF"
NEGTOL"5%"
NEEDS_NO_SIZE"TRUE"
POSTOL"5%"
TOL"1%"
PACKTYPE"0805"
CDS_LMAN_SYM_OUTLINE"-75,25,75,-25"
CDS_LIB"resistors";
"A<0>"
$PN"1"56;
"B<0>"
$PN"2"114;
%"RSMD0805"
"1","(-1350,2400)","1","resistors","I67";
;
$LOCATION"R262"
CDS_LOCATION"R262"
$SEC"1"
CDS_SEC"1"
VALUE"50"
POWER"0.1"
MAX_TEMP"RTMAX"
TC2"RTMPO"
TC1"RTMPL"
SLOPE"RSMAX"
VOLTAGE"25V"
DIST"FLAT"
TOL_ON_OFF"ON"
IC"UNDEF"
NEGTOL"5%"
NEEDS_NO_SIZE"TRUE"
POSTOL"5%"
TOL"1%"
PACKTYPE"0805"
CDS_LMAN_SYM_OUTLINE"-75,25,75,-25"
CDS_LIB"resistors";
"A<0>"
$PN"1"56;
"B<0>"
$PN"2"4;
%"RSMD0805"
"1","(-1275,2400)","1","resistors","I68";
;
$LOCATION"R263"
CDS_LOCATION"R263"
$SEC"1"
CDS_SEC"1"
VALUE"50"
CDS_LIB"resistors"
CDS_LMAN_SYM_OUTLINE"-75,25,75,-25"
PACKTYPE"0805"
TOL"1%"
POSTOL"5%"
NEEDS_NO_SIZE"TRUE"
NEGTOL"5%"
IC"UNDEF"
TOL_ON_OFF"ON"
DIST"FLAT"
VOLTAGE"25V"
SLOPE"RSMAX"
TC1"RTMPL"
TC2"RTMPO"
MAX_TEMP"RTMAX"
POWER"0.1";
"A<0>"
$PN"1"56;
"B<0>"
$PN"2"7;
%"RSMD0805"
"1","(-575,1100)","1","resistors","I69";
;
$LOCATION"R268"
CDS_LOCATION"R268"
$SEC"1"
CDS_SEC"1"
VALUE"50"
CDS_LIB"resistors"
CDS_LMAN_SYM_OUTLINE"-75,25,75,-25"
PACKTYPE"0805"
TOL"1%"
POSTOL"5%"
NEEDS_NO_SIZE"TRUE"
NEGTOL"5%"
IC"UNDEF"
TOL_ON_OFF"ON"
DIST"FLAT"
VOLTAGE"25V"
SLOPE"RSMAX"
TC1"RTMPL"
TC2"RTMPO"
MAX_TEMP"RTMAX"
POWER"0.1";
"A<0>"
$PN"1"59;
"B<0>"
$PN"2"68;
%"10E131"
"1","(100,2650)","0","ecl","I71";
;
$LOCATION"U105"
CDS_LOCATION"U105"
$SEC"1"
CDS_SEC"1"
CDS_LIB"ecl"
ABBREV"10E131"
TITLE"10E131";
"Q <SIZE-1..0>* \B"
$PN"20"91;
"CLK"
$PN"2"0;
"S"
$PN"3"0;
"R"
$PN"25"20;
"Q <SIZE-1..0>"
$PN"19"0;
"EN"
$PN"26"12;
"D <SIZE-1..0>"
$PN"27"44;
%"10E116"
"1","(-350,1525)","0","ecl","I72";
SECTION"1";
$LOCATION"U101"
CDS_LOCATION"U101"
$SEC"3"
CDS_SEC"3"
CDS_LIB"ecl"
TITLE"10E116"
ABBREV"10E116";
"A <SIZE-1..0>"
$PN"27"68;
"B <SIZE-1..0>* \B"
$PN"28"64;
"REF"
$PN"2"0;
"Y <SIZE-1..0>"
$PN"14"63;
"Y <SIZE-1..0>* \B"
$PN"15"0;
%"10E116"
"1","(-375,2450)","0","ecl","I74";
SECTION"1";
$LOCATION"U101"
CDS_LOCATION"U101"
$SEC"2"
CDS_SEC"2"
ABBREV"10E116"
TITLE"10E116"
CDS_LIB"ecl";
"A <SIZE-1..0>"
$PN"25"68;
"B <SIZE-1..0>* \B"
$PN"26"64;
"REF"
$PN"2"0;
"Y <SIZE-1..0>"
$PN"17"12;
"Y <SIZE-1..0>* \B"
$PN"18"0;
%"RSMD0805"
"1","(-650,1100)","1","resistors","I75";
;
$LOCATION"R267"
CDS_LOCATION"R267"
$SEC"1"
CDS_SEC"1"
VALUE"50"
CDS_LIB"resistors"
CDS_LMAN_SYM_OUTLINE"-75,25,75,-25"
PACKTYPE"0805"
TOL"1%"
POSTOL"5%"
NEEDS_NO_SIZE"TRUE"
NEGTOL"5%"
IC"UNDEF"
TOL_ON_OFF"ON"
DIST"FLAT"
VOLTAGE"25V"
SLOPE"RSMAX"
TC1"RTMPL"
TC2"RTMPO"
MAX_TEMP"RTMAX"
POWER"0.1";
"A<0>"
$PN"1"59;
"B<0>"
$PN"2"64;
%"RSMD0805"
"1","(-225,2275)","1","resistors","I76";
;
$LOCATION"R269"
CDS_LOCATION"R269"
$SEC"1"
CDS_SEC"1"
VALUE"50"
CDS_LIB"resistors"
CDS_LMAN_SYM_OUTLINE"-75,25,75,-25"
PACKTYPE"0805"
TOL"1%"
POSTOL"5%"
NEEDS_NO_SIZE"TRUE"
NEGTOL"5%"
IC"UNDEF"
TOL_ON_OFF"ON"
DIST"FLAT"
VOLTAGE"25V"
SLOPE"RSMAX"
TC1"RTMPL"
TC2"RTMPO"
MAX_TEMP"RTMAX"
POWER"0.1";
"A<0>"
$PN"1"43;
"B<0>"
$PN"2"12;
%"RSMD0805"
"1","(-200,1100)","1","resistors","I77";
;
$LOCATION"R270"
CDS_LOCATION"R270"
$SEC"1"
CDS_SEC"1"
VALUE"50"
CDS_LIB"resistors"
CDS_LMAN_SYM_OUTLINE"-75,25,75,-25"
POWER"0.1"
MAX_TEMP"RTMAX"
TC2"RTMPO"
TC1"RTMPL"
SLOPE"RSMAX"
VOLTAGE"25V"
DIST"FLAT"
TOL_ON_OFF"ON"
IC"UNDEF"
NEGTOL"5%"
NEEDS_NO_SIZE"TRUE"
POSTOL"5%"
TOL"1%"
PACKTYPE"0805";
"A<0>"
$PN"1"59;
"B<0>"
$PN"2"63;
%"10E116"
"1","(975,2225)","2","ecl","I78";
SECTION"1";
$LOCATION"U107"
CDS_LOCATION"U107"
$SEC"1"
CDS_SEC"1"
CDS_LIB"ecl"
TITLE"10E116"
ABBREV"10E116";
"A <SIZE-1..0>"
$PN"23"99;
"B <SIZE-1..0>* \B"
$PN"24"98;
"REF"
$PN"2"98;
"Y <SIZE-1..0>"
$PN"20"0;
"Y <SIZE-1..0>* \B"
$PN"21"62;
%"10E101"
"1","(200,2150)","1","ecl","I79";
;
$LOCATION"U98"
CDS_LOCATION"U98"
$SEC"3"
CDS_SEC"3"
TITLE"10E101"
ABBREV"10E101"
CDS_LIB"ecl";
"A <SIZE-1..0>"
$PN"6"48;
"B <SIZE-1..0>"
$PN"5"0;
"C <SIZE-1..0>"
$PN"4"0;
"D <SIZE-1..0>"
$PN"3"62;
"Y <SIZE-1..0>"
$PN"14"20;
"Y <SIZE-1..0>* \B"
$PN"15"0;
%"RSMD0805"
"1","(-125,2275)","1","resistors","I80";
;
$LOCATION"R271"
CDS_LOCATION"R271"
$SEC"1"
CDS_SEC"1"
VALUE"50"
PACKTYPE"0805"
TOL"1%"
POSTOL"5%"
NEEDS_NO_SIZE"TRUE"
NEGTOL"5%"
IC"UNDEF"
TOL_ON_OFF"ON"
DIST"FLAT"
VOLTAGE"25V"
SLOPE"RSMAX"
TC1"RTMPL"
TC2"RTMPO"
MAX_TEMP"RTMAX"
POWER"0.1"
CDS_LMAN_SYM_OUTLINE"-75,25,75,-25"
CDS_LIB"resistors";
"A<0>"
$PN"1"43;
"B<0>"
$PN"2"20;
%"CSMD0805"
"1","(1000,2600)","0","capacitors","I81";
;
$LOCATION"C45"
CDS_LOCATION"C45"
$SEC"1"
CDS_SEC"1"
PART_NAME"CSMD0805"
VALUE"0.1UF"
PACKTYPE"0805"
VOLTAGE"50V"
TOL_ON_OFF"ON"
CURRENT"CIMAX"
TC"0"
MAX_TEMP"CTMAX"
KNEE"CBMAX"
SLOPE"CSMAX"
DIST"FLAT"
IC"UNDEF"
NEGTOL"10%"
NEEDS_NO_SIZE"TRUE"
POSTOL"10%"
CDS_LMAN_SYM_OUTLINE"-25,25,25,-25"
CDS_LIB"capacitors"
TOL"5%";
"B<0>"
$PN"2"98;
"A<0>"
$PN"1"119;
%"GND"
"1","(825,2550)","0","misc","I82";
;
CDS_LIB"misc"
BODY_TYPE"PLUMBING"
HDL_POWER"GND";
"G\NAC"119;
%"RSMD0805"
"1","(675,1100)","1","resistors","I83";
;
$LOCATION"R276"
CDS_LOCATION"R276"
$SEC"1"
CDS_SEC"1"
VALUE"50"
CDS_LIB"resistors"
CDS_LMAN_SYM_OUTLINE"-75,25,75,-25"
POWER"0.1"
MAX_TEMP"RTMAX"
TC2"RTMPO"
TC1"RTMPL"
SLOPE"RSMAX"
VOLTAGE"25V"
DIST"FLAT"
TOL_ON_OFF"ON"
IC"UNDEF"
NEGTOL"5%"
NEEDS_NO_SIZE"TRUE"
POSTOL"5%"
TOL"1%"
PACKTYPE"0805";
"A<0>"
$PN"1"59;
"B<0>"
$PN"2"66;
%"RSMD0805"
"1","(425,1100)","1","resistors","I84";
;
$LOCATION"R273"
CDS_LOCATION"R273"
$SEC"1"
CDS_SEC"1"
VALUE"50"
PACKTYPE"0805"
TOL"1%"
POSTOL"5%"
NEEDS_NO_SIZE"TRUE"
NEGTOL"5%"
IC"UNDEF"
TOL_ON_OFF"ON"
DIST"FLAT"
VOLTAGE"25V"
SLOPE"RSMAX"
TC1"RTMPL"
TC2"RTMPO"
MAX_TEMP"RTMAX"
POWER"0.1"
CDS_LMAN_SYM_OUTLINE"-75,25,75,-25"
CDS_LIB"resistors";
"A<0>"
$PN"1"59;
"B<0>"
$PN"2"62;
%"RSMD0805"
"1","(350,1100)","1","resistors","I85";
;
$LOCATION"R272"
CDS_LOCATION"R272"
$SEC"1"
CDS_SEC"1"
VALUE"50"
PACKTYPE"0805"
TOL"1%"
POSTOL"5%"
NEEDS_NO_SIZE"TRUE"
NEGTOL"5%"
IC"UNDEF"
TOL_ON_OFF"ON"
DIST"FLAT"
VOLTAGE"25V"
SLOPE"RSMAX"
TC1"RTMPL"
TC2"RTMPO"
MAX_TEMP"RTMAX"
POWER"0.1"
CDS_LMAN_SYM_OUTLINE"-75,25,75,-25"
CDS_LIB"resistors";
"A<0>"
$PN"1"59;
"B<0>"
$PN"2"91;
%"RSMD0805"
"1","(1475,1275)","1","resistors","I86";
;
$LOCATION"R278"
CDS_LOCATION"R278"
$SEC"1"
CDS_SEC"1"
VALUE"50"
CDS_LIB"resistors"
CDS_LMAN_SYM_OUTLINE"-75,25,75,-25"
PACKTYPE"0805"
TOL"1%"
POSTOL"5%"
NEEDS_NO_SIZE"TRUE"
NEGTOL"5%"
IC"UNDEF"
TOL_ON_OFF"ON"
DIST"FLAT"
VOLTAGE"25V"
SLOPE"RSMAX"
TC1"RTMPL"
TC2"RTMPO"
MAX_TEMP"RTMAX"
POWER"0.1";
"A<0>"
$PN"1"15;
"B<0>"
$PN"2"99;
%"10E116"
"1","(1725,1675)","0","ecl","I87";
SECTION"1";
$LOCATION"U110"
CDS_LOCATION"U110"
$SEC"1"
CDS_SEC"1"
CDS_LIB"ecl"
TITLE"10E116"
ABBREV"10E116";
"A <SIZE-1..0>"
$PN"23"30;
"B <SIZE-1..0>* \B"
$PN"24"99;
"REF"
$PN"2"30;
"Y <SIZE-1..0>"
$PN"20"22;
"Y <SIZE-1..0>* \B"
$PN"21"0;
%"CSMD0805"
"1","(1675,2100)","0","capacitors","I88";
;
$LOCATION"C47"
CDS_LOCATION"C47"
$SEC"1"
CDS_SEC"1"
PART_NAME"CSMD0805"
VALUE"0.1UF"
PACKTYPE"0805"
VOLTAGE"50V"
TOL_ON_OFF"ON"
CURRENT"CIMAX"
TC"0"
MAX_TEMP"CTMAX"
KNEE"CBMAX"
SLOPE"CSMAX"
DIST"FLAT"
IC"UNDEF"
NEGTOL"10%"
NEEDS_NO_SIZE"TRUE"
POSTOL"10%"
TOL"5%"
CDS_LMAN_SYM_OUTLINE"-25,25,25,-25"
CDS_LIB"capacitors";
"B<0>"
$PN"2"126;
"A<0>"
$PN"1"30;
%"GND"
"1","(1775,2050)","0","misc","I89";
;
BODY_TYPE"PLUMBING"
HDL_POWER"GND"
CDS_LIB"misc";
"G\NAC"126;
%"10E131"
"1","(2425,1875)","0","ecl","I90";
;
$LOCATION"U105"
CDS_LOCATION"U105"
$SEC"2"
CDS_SEC"2"
TITLE"10E131"
ABBREV"10E131"
CDS_LIB"ecl";
"Q <SIZE-1..0>* \B"
$PN"18"35;
"CLK"
$PN"2"0;
"S"
$PN"28"0;
"R"
$PN"22"33;
"Q <SIZE-1..0>"
$PN"17"36;
"EN"
$PN"23"22;
"D <SIZE-1..0>"
$PN"24"16;
%"RSMD0805"
"1","(2100,1275)","1","resistors","I91";
;
$LOCATION"R280"
CDS_LOCATION"R280"
$SEC"1"
CDS_SEC"1"
VALUE"50"
CDS_LIB"resistors"
CDS_LMAN_SYM_OUTLINE"-75,25,75,-25"
PACKTYPE"0805"
TOL"1%"
POSTOL"5%"
NEEDS_NO_SIZE"TRUE"
NEGTOL"5%"
IC"UNDEF"
TOL_ON_OFF"ON"
DIST"FLAT"
VOLTAGE"25V"
SLOPE"RSMAX"
TC1"RTMPL"
TC2"RTMPO"
MAX_TEMP"RTMAX"
POWER"0.1";
"A<0>"
$PN"1"15;
"B<0>"
$PN"2"22;
%"10E116"
"1","(-1575,3500)","0","ecl","I93";
SECTION"1";
$LOCATION"U84"
CDS_LOCATION"U84"
$SEC"5"
CDS_SEC"5"
CDS_LIB"ecl"
TITLE"10E116"
ABBREV"10E116";
"A <SIZE-1..0>"
$PN"3"114;
"B <SIZE-1..0>* \B"
$PN"4"113;
"REF"
$PN"2"0;
"Y <SIZE-1..0>"
$PN"8"5;
"Y <SIZE-1..0>* \B"
$PN"9"6;
%"100EL05"
"1","(2900,3075)","1","ecl","I94";
;
$LOCATION"U112"
CDS_LOCATION"U112"
$SEC"1"
CDS_SEC"1"
CDS_LMAN_SYM_OUTLINE"-125,125,125,-125"
CDS_LIB"ecl";
"IN1* \B"
$PN"2"61;
"IN1"
$PN"1"101;
"OUT* \B"
$PN"6"0;
"OUT"
$PN"7"95;
"IN2* \B"
$PN"4"29;
"IN2"
$PN"3"28;
%"100EL05"
"1","(3300,3075)","1","ecl","I95";
;
$LOCATION"U114"
CDS_LOCATION"U114"
$SEC"1"
CDS_SEC"1"
CDS_LIB"ecl"
CDS_LMAN_SYM_OUTLINE"-125,125,125,-125";
"IN1* \B"
$PN"2"27;
"IN1"
$PN"1"37;
"OUT* \B"
$PN"6"0;
"OUT"
$PN"7"94;
"IN2* \B"
$PN"4"31;
"IN2"
$PN"3"32;
%"10E116"
"1","(3000,2375)","1","ecl","I96";
SECTION"1";
$LOCATION"U113"
CDS_LOCATION"U113"
$SEC"1"
CDS_SEC"1"
TITLE"10E116"
ABBREV"10E116"
CDS_LIB"ecl";
"A <SIZE-1..0>"
$PN"23"36;
"B <SIZE-1..0>* \B"
$PN"24"35;
"REF"
$PN"2"0;
"Y <SIZE-1..0>"
$PN"20"28;
"Y <SIZE-1..0>* \B"
$PN"21"29;
%"10E116"
"1","(3250,2375)","1","ecl","I97";
SECTION"1";
$LOCATION"U113"
CDS_LOCATION"U113"
$SEC"2"
CDS_SEC"2"
TITLE"10E116"
ABBREV"10E116"
CDS_LIB"ecl";
"A <SIZE-1..0>"
$PN"25"35;
"B <SIZE-1..0>* \B"
$PN"26"36;
"REF"
$PN"2"0;
"Y <SIZE-1..0>"
$PN"17"37;
"Y <SIZE-1..0>* \B"
$PN"18"27;
%"RSMD0805"
"1","(3925,2500)","1","resistors","I98";
;
$LOCATION"R295"
CDS_LOCATION"R295"
$SEC"1"
CDS_SEC"1"
VALUE"50"
CDS_LIB"resistors"
CDS_LMAN_SYM_OUTLINE"-75,25,75,-25"
POWER"0.1"
MAX_TEMP"RTMAX"
TC2"RTMPO"
TC1"RTMPL"
SLOPE"RSMAX"
VOLTAGE"25V"
DIST"FLAT"
TOL_ON_OFF"ON"
IC"UNDEF"
NEGTOL"5%"
NEEDS_NO_SIZE"TRUE"
POSTOL"5%"
TOL"1%"
PACKTYPE"0805";
"A<0>"
$PN"1"18;
"B<0>"
$PN"2"31;
%"RSMD0805"
"1","(3850,2500)","1","resistors","I99";
;
$LOCATION"R294"
CDS_LOCATION"R294"
$SEC"1"
CDS_SEC"1"
VALUE"50"
CDS_LIB"resistors"
CDS_LMAN_SYM_OUTLINE"-75,25,75,-25"
POWER"0.1"
MAX_TEMP"RTMAX"
TC2"RTMPO"
TC1"RTMPL"
SLOPE"RSMAX"
VOLTAGE"25V"
DIST"FLAT"
TOL_ON_OFF"ON"
IC"UNDEF"
NEGTOL"5%"
NEEDS_NO_SIZE"TRUE"
POSTOL"5%"
TOL"1%"
PACKTYPE"0805";
"A<0>"
$PN"1"18;
"B<0>"
$PN"2"32;
END.
